"City","State","FIPS Code","Formatted FIPS","Mean travel time to work in minutes, according the US Census Bur"
"Abingdon","IL","1700113","=""1700113""","18.30"
"Adair","IL","1700178","=""1700178""","N/A"
"Addieville","IL","1700230","=""1700230""","N/A"
"Addison","IL","1700243","=""1700243""","25.80"
"Adeline","IL","1700295","=""1700295""","N/A"
"Albany","IL","1700516","=""1700516""","N/A"
"Albers","IL","1700555","=""1700555""","27.10"
"Albion","IL","1700568","=""1700568""","19.30"
"Aledo","IL","1700646","=""1700646""","16.60"
"Alexis","IL","1700672","=""1700672""","N/A"
"Algonquin","IL","1700685","=""1700685""","36.70"
"Alhambra","IL","1700737","=""1700737""","N/A"
"Allendale","IL","1700815","=""1700815""","N/A"
"Allenville","IL","1700867","=""1700867""","N/A"
"Allerton","IL","1700880","=""1700880""","N/A"
"Alma","IL","1700919","=""1700919""","N/A"
"Alorton","IL","1700958","=""1700958""","20.10"
"Alpha","IL","1700971","=""1700971""","N/A"
"Alsey","IL","1700997","=""1700997""","N/A"
"Alsip","IL","1701010","=""1701010""","30.10"
"Altamont","IL","1701049","=""1701049""","22.30"
"Alton","IL","1701114","=""1701114""","22.60"
"Altona","IL","1701140","=""1701140""","N/A"
"Alto Pass","IL","1701205","=""1701205""","N/A"
"Alvan","IL","1701242","=""1701242""","N/A"
"Amboy","IL","1701270","=""1701270""","20.30"
"Anchor","IL","1701361","=""1701361""","N/A"
"Andalusia","IL","1701426","=""1701426""","24.60"
"Andover","IL","1701491","=""1701491""","N/A"
"Anna","IL","1701543","=""1701543""","23.50"
"Annapolis","IL","1701556","=""1701556""","N/A"
"Annawan","IL","1701569","=""1701569""","N/A"
"Antioch","IL","1701595","=""1701595""","35.70"
"Apple Canyon Lake","IL","1701647","=""1701647""","N/A"
"Apple River","IL","1701673","=""1701673""","N/A"
"Arcola","IL","1701881","=""1701881""","17.70"
"Arenzville","IL","1701946","=""1701946""","N/A"
"Argenta","IL","1701972","=""1701972""","N/A"
"Arlington","IL","1702102","=""1702102""","N/A"
"Arlington Heights","IL","1702154","=""1702154""","N/A"
"Armington","IL","1702206","=""1702206""","N/A"
"Aroma Park","IL","1702258","=""1702258""","N/A"
"Arrowsmith","IL","1702342","=""1702342""","N/A"
"Arthur","IL","1702414","=""1702414""","15.30"
"Ashkum","IL","1702479","=""1702479""","N/A"
"Ashland","IL","1702505","=""1702505""","26.40"
"Ashley","IL","1702531","=""1702531""","N/A"
"Ashmore","IL","1702557","=""1702557""","N/A"
"Ashton","IL","1702583","=""1702583""","N/A"
"Assumption","IL","1702609","=""1702609""","23.20"
"Astoria","IL","1702635","=""1702635""","N/A"
"Athens","IL","1702674","=""1702674""","27.70"
"Atkinson","IL","1702726","=""1702726""","N/A"
"Atlanta","IL","1702752","=""1702752""","25.20"
"Atwood","IL","1702882","=""1702882""","22.00"
"Auburn","IL","1702921","=""1702921""","24.20"
"Augusta","IL","1702986","=""1702986""","N/A"
"Aurora","IL","1703012","=""1703012""","N/A"
"Ava","IL","1703103","=""1703103""","N/A"
"Aviston","IL","1703181","=""1703181""","26.20"
"Avon","IL","1703207","=""1703207""","N/A"
"Baldwin","IL","1703454","=""1703454""","N/A"
"Banner","IL","1703571","=""1703571""","N/A"
"Bannockburn","IL","1703610","=""1703610""","32.80"
"Bardolph","IL","1703675","=""1703675""","N/A"
"Barrington","IL","1703844","=""1703844""","N/A"
"Barrington Hills","IL","1703883","=""1703883""","41.10"
"Barry","IL","1703948","=""1703948""","21.10"
"Bartelso","IL","1704000","=""1704000""","N/A"
"Bartlett","IL","1704013","=""1704013""","34.40"
"Bartonville","IL","1704039","=""1704039""","20.40"
"Basco","IL","1704052","=""1704052""","N/A"
"Batavia","IL","1704078","=""1704078""","29.90"
"Batchtown","IL","1704117","=""1704117""","N/A"
"Bath","IL","1704156","=""1704156""","N/A"
"Baylis","IL","1704247","=""1704247""","N/A"
"Bay View Gardens","IL","1704273","=""1704273""","N/A"
"Beach Park","IL","1704303","=""1704303""","26.80"
"Beardstown","IL","1704351","=""1704351""","18.00"
"Beason","IL","1704403","=""1704403""","N/A"
"Beaverville","IL","1704507","=""1704507""","N/A"
"Beckemeyer","IL","1704533","=""1704533""","N/A"
"Bedford Park","IL","1704572","=""1704572""","N/A"
"Beecher","IL","1704585","=""1704585""","32.40"
"Beecher City","IL","1704598","=""1704598""","N/A"
"Belgium","IL","1704689","=""1704689""","N/A"
"Belknap","IL","1704715","=""1704715""","N/A"
"Belle Prairie City","IL","1704793","=""1704793""","N/A"
"Belle Rive","IL","1704806","=""1704806""","N/A"
"Belleville","IL","1704845","=""1704845""","24.30"
"Bellevue","IL","1704871","=""1704871""","21.00"
"Bellflower","IL","1704897","=""1704897""","N/A"
"Bellmont","IL","1704936","=""1704936""","N/A"
"Bellwood","IL","1704975","=""1704975""","28.70"
"Belvidere","IL","1705092","=""1705092""","27.40"
"Bement","IL","1705144","=""1705144""","25.50"
"Benld","IL","1705209","=""1705209""","28.30"
"Bensenville","IL","1705248","=""1705248""","26.10"
"Benson","IL","1705261","=""1705261""","N/A"
"Bentley","IL","1705274","=""1705274""","N/A"
"Benton","IL","1705300","=""1705300""","21.20"
"Berkeley","IL","1705404","=""1705404""","24.70"
"Berlin","IL","1705443","=""1705443""","N/A"
"Berwyn","IL","1705573","=""1705573""","N/A"
"Bethalto","IL","1705599","=""1705599""","22.90"
"Bethany","IL","1705612","=""1705612""","27.10"
"Biggsville","IL","1705898","=""1705898""","N/A"
"Big Rock","IL","1705976","=""1705976""","27.60"
"Bingham","IL","1706028","=""1706028""","N/A"
"Bishop Hill","IL","1706171","=""1706171""","N/A"
"Bismarck","IL","1706184","=""1706184""","N/A"
"Blandinsville","IL","1706470","=""1706470""","N/A"
"Bloomingdale","IL","1706587","=""1706587""","28.60"
"Bloomington","IL","1706613","=""1706613""","N/A"
"Blue Island","IL","1706704","=""1706704""","32.00"
"Blue Mound","IL","1706756","=""1706756""","26.00"
"Bluffs","IL","1706899","=""1706899""","N/A"
"Bluford","IL","1706964","=""1706964""","N/A"
"Bolingbrook","IL","1707133","=""1707133""","N/A"
"Bondville","IL","1707211","=""1707211""","N/A"
"Bone Gap","IL","1707224","=""1707224""","N/A"
"Bonfield","IL","1707237","=""1707237""","N/A"
"Bonnie","IL","1707263","=""1707263""","N/A"
"Boody","IL","1707315","=""1707315""","N/A"
"Boulder Hill","IL","1707419","=""1707419""","29.40"
"Bourbonnais","IL","1707471","=""1707471""","22.50"
"Bowen","IL","1707510","=""1707510""","N/A"
"Braceville","IL","1707640","=""1707640""","N/A"
"Bradford","IL","1707692","=""1707692""","N/A"
"Bradley","IL","1707744","=""1707744""","20.70"
"Braidwood","IL","1707770","=""1707770""","31.90"
"Breese","IL","1707913","=""1707913""","26.20"
"Bridgeport","IL","1708186","=""1708186""","17.90"
"Bridgeview","IL","1708225","=""1708225""","29.30"
"Brighton","IL","1708264","=""1708264""","29.30"
"Brimfield","IL","1708303","=""1708303""","N/A"
"Broadlands","IL","1708420","=""1708420""","N/A"
"Broadview","IL","1708446","=""1708446""","29.90"
"Broadwell","IL","1708472","=""1708472""","N/A"
"Brocton","IL","1708524","=""1708524""","N/A"
"Brookfield","IL","1708576","=""1708576""","30.50"
"Brooklyn","IL","1708667","=""1708667""","N/A"
"Brookport","IL","1708706","=""1708706""","N/A"
"Broughton","IL","1708875","=""1708875""","N/A"
"Browning","IL","1708953","=""1708953""","N/A"
"Browns","IL","1708979","=""1708979""","N/A"
"Brownstown","IL","1708992","=""1708992""","N/A"
"Brussels","IL","1709148","=""1709148""","N/A"
"Bryant","IL","1709161","=""1709161""","N/A"
"Buckingham","IL","1709304","=""1709304""","N/A"
"Buckley","IL","1709317","=""1709317""","N/A"
"Buckner","IL","1709330","=""1709330""","N/A"
"Buda","IL","1709356","=""1709356""","N/A"
"Buffalo","IL","1709434","=""1709434""","N/A"
"Buffalo Grove","IL","1709447","=""1709447""","29.50"
"Bull Valley","IL","1709531","=""1709531""","43.50"
"Bulpitt","IL","1709538","=""1709538""","N/A"
"Buncombe","IL","1709551","=""1709551""","N/A"
"Bunker Hill","IL","1709577","=""1709577""","28.80"
"Burbank","IL","1709642","=""1709642""","32.50"
"Bureau Junction","IL","1709681","=""1709681""","N/A"
"Burlington","IL","1709759","=""1709759""","N/A"
"Burnham","IL","1709798","=""1709798""","36.20"
"Burnt Prairie","IL","1709889","=""1709889""","N/A"
"Burr Ridge","IL","1709980","=""1709980""","30.70"
"Bush","IL","1710084","=""1710084""","N/A"
"Bushnell","IL","1710110","=""1710110""","17.40"
"Butler","IL","1710149","=""1710149""","N/A"
"Byron","IL","1710240","=""1710240""","27.90"
"Cabery","IL","1710292","=""1710292""","N/A"
"Cahokia","IL","1710370","=""1710370""","22.20"
"Cairo","IL","1710383","=""1710383""","26.20"
"Caledonia","IL","1710422","=""1710422""","N/A"
"Calhoun","IL","1710448","=""1710448""","N/A"
"Calumet City","IL","1710487","=""1710487""","33.70"
"Calumet Park","IL","1710513","=""1710513""","32.00"
"Camargo","IL","1710591","=""1710591""","N/A"
"Cambria","IL","1710630","=""1710630""","20.40"
"Cambridge","IL","1710643","=""1710643""","27.00"
"Camden","IL","1710695","=""1710695""","N/A"
"Campbell Hill","IL","1710773","=""1710773""","N/A"
"Camp Point","IL","1710877","=""1710877""","26.90"
"Campton Hills","IL","1710906","=""1710906""","34.80"
"Campus","IL","1710916","=""1710916""","N/A"
"Canton","IL","1711007","=""1711007""","19.90"
"Cantrall","IL","1711033","=""1711033""","N/A"
"Capron","IL","1711124","=""1711124""","26.50"
"Carbon Cliff","IL","1711150","=""1711150""","17.80"
"Carbondale","IL","1711163","=""1711163""","13.70"
"Carbon Hill","IL","1711176","=""1711176""","N/A"
"Carlinville","IL","1711202","=""1711202""","15.20"
"Carlock","IL","1711215","=""1711215""","N/A"
"Carlyle","IL","1711228","=""1711228""","24.10"
"Carmi","IL","1711293","=""1711293""","23.00"
"Carol Stream","IL","1711332","=""1711332""","29.50"
"Carpentersville","IL","1711358","=""1711358""","30.50"
"Carrier Mills","IL","1711397","=""1711397""","28.20"
"Carrollton","IL","1711462","=""1711462""","26.10"
"Carterville","IL","1711514","=""1711514""","19.90"
"Carthage","IL","1711527","=""1711527""","24.50"
"Cary","IL","1711592","=""1711592""","36.30"
"Casey","IL","1711618","=""1711618""","18.60"
"Caseyville","IL","1711644","=""1711644""","26.20"
"Catlin","IL","1711774","=""1711774""","21.10"
"Cave-In-Rock","IL","1711826","=""1711826""","N/A"
"Cedar Point","IL","1711982","=""1711982""","N/A"
"Cedarville","IL","1712008","=""1712008""","N/A"
"Central City","IL","1712151","=""1712151""","18.60"
"Centralia","IL","1712164","=""1712164""","17.80"
"Centreville","IL","1712203","=""1712203""","23.10"
"Cerro Gordo","IL","1712268","=""1712268""","24.60"
"Chadwick","IL","1712294","=""1712294""","N/A"
"Champaign","IL","1712385","=""1712385""","N/A"
"Chandlerville","IL","1712450","=""1712450""","N/A"
"Channahon","IL","1712476","=""1712476""","30.30"
"Channel Lake","IL","1712489","=""1712489""","38.60"
"Chapin","IL","1712528","=""1712528""","N/A"
"Charleston","IL","1712567","=""1712567""","13.60"
"Chatham","IL","1712684","=""1712684""","22.00"
"Chatsworth","IL","1712710","=""1712710""","N/A"
"Chebanse","IL","1712801","=""1712801""","24.70"
"Chemung","IL","1712879","=""1712879""","N/A"
"Chenoa","IL","1712931","=""1712931""","21.80"
"Cherry","IL","1712970","=""1712970""","N/A"
"Cherry Valley","IL","1713074","=""1713074""","21.90"
"Chester","IL","1713139","=""1713139""","19.30"
"Chesterfield","IL","1713165","=""1713165""","N/A"
"Chestnut","IL","1713230","=""1713230""","N/A"
"Chicago","IL","1714000","=""1714000""","N/A"
"Chicago Heights","IL","1714026","=""1714026""","26.10"
"Chicago Ridge","IL","1714065","=""1714065""","32.00"
"Chillicothe","IL","1714117","=""1714117""","20.20"
"Chrisman","IL","1714273","=""1714273""","22.50"
"Christopher","IL","1714286","=""1714286""","26.20"
"Cicero","IL","1714351","=""1714351""","N/A"
"Cisco","IL","1714442","=""1714442""","N/A"
"Cisne","IL","1714455","=""1714455""","N/A"
"Cissna Park","IL","1714468","=""1714468""","N/A"
"Claremont","IL","1714533","=""1714533""","N/A"
"Clarendon Hills","IL","1714572","=""1714572""","32.30"
"Clay City","IL","1714715","=""1714715""","N/A"
"Clayton","IL","1714767","=""1714767""","N/A"
"Clear Lake","IL","1714845","=""1714845""","N/A"
"Cleveland","IL","1714923","=""1714923""","N/A"
"Clifton","IL","1714936","=""1714936""","25.30"
"Clinton","IL","1715001","=""1715001""","18.80"
"Coal City","IL","1715170","=""1715170""","26.60"
"Coalton","IL","1715209","=""1715209""","N/A"
"Coal Valley","IL","1715235","=""1715235""","22.60"
"Coatsburg","IL","1715261","=""1715261""","N/A"
"Cobden","IL","1715300","=""1715300""","23.00"
"Coffeen","IL","1715352","=""1715352""","N/A"
"Colchester","IL","1715378","=""1715378""","20.60"
"Coleta","IL","1715469","=""1715469""","N/A"
"Colfax","IL","1715495","=""1715495""","30.90"
"Collinsville","IL","1715599","=""1715599""","25.40"
"Colona","IL","1715664","=""1715664""","23.80"
"Colp","IL","1715807","=""1715807""","N/A"
"Columbia","IL","1715833","=""1715833""","26.00"
"Columbus","IL","1715846","=""1715846""","N/A"
"Como","IL","1715950","=""1715950""","N/A"
"Compton","IL","1715989","=""1715989""","N/A"
"Concord","IL","1716054","=""1716054""","N/A"
"Congerville","IL","1716119","=""1716119""","N/A"
"Cooksville","IL","1716210","=""1716210""","N/A"
"Cordova","IL","1716366","=""1716366""","N/A"
"Cornell","IL","1716405","=""1716405""","N/A"
"Cornland","IL","1716431","=""1716431""","N/A"
"Cortland","IL","1716470","=""1716470""","N/A"
"Coulterville","IL","1716613","=""1716613""","N/A"
"Country Club Hills","IL","1716691","=""1716691""","36.20"
"Countryside","IL","1716873","=""1716873""","27.20"
"Cowden","IL","1717055","=""1717055""","N/A"
"Coyne Center","IL","1717077","=""1717077""","N/A"
"Crab Orchard","IL","1717094","=""1717094""","N/A"
"Crainville","IL","1717185","=""1717185""","19.40"
"Creal Springs","IL","1717289","=""1717289""","N/A"
"Crescent City","IL","1717406","=""1717406""","N/A"
"Crest Hill","IL","1717458","=""1717458""","31.50"
"Creston","IL","1717471","=""1717471""","N/A"
"Crestwood","IL","1717497","=""1717497""","30.50"
"Crete","IL","1717523","=""1717523""","30.70"
"Creve Coeur","IL","1717549","=""1717549""","24.30"
"Crossville","IL","1717783","=""1717783""","N/A"
"Crystal Lake","IL","1717887","=""1717887""","32.20"
"Crystal Lawns","IL","1717939","=""1717939""","33.60"
"Cuba","IL","1717991","=""1717991""","29.10"
"Cullom","IL","1718030","=""1718030""","N/A"
"Curran","IL","1718147","=""1718147""","N/A"
"Cutler","IL","1718225","=""1718225""","N/A"
"Cypress","IL","1718251","=""1718251""","N/A"
"Dahlgren","IL","1718303","=""1718303""","N/A"
"Dakota","IL","1718342","=""1718342""","N/A"
"Dallas City","IL","1718420","=""1718420""","26.00"
"Dalton City","IL","1718446","=""1718446""","N/A"
"Dalzell","IL","1718459","=""1718459""","N/A"
"Damiansville","IL","1718472","=""1718472""","N/A"
"Dana","IL","1718485","=""1718485""","N/A"
"Danforth","IL","1718498","=""1718498""","N/A"
"Danvers","IL","1718537","=""1718537""","25.10"
"Danville","IL","1718563","=""1718563""","14.10"
"Darien","IL","1718628","=""1718628""","30.90"
"Darmstadt","IL","1718641","=""1718641""","N/A"
"Davis","IL","1718706","=""1718706""","N/A"
"Davis Junction","IL","1718719","=""1718719""","30.30"
"Dawson","IL","1718745","=""1718745""","N/A"
"Dayton","IL","1718771","=""1718771""","N/A"
"Decatur","IL","1718823","=""1718823""","N/A"
"Deer Creek","IL","1718940","=""1718940""","N/A"
"Deerfield","IL","1718992","=""1718992""","29.00"
"Deer Grove","IL","1719031","=""1719031""","N/A"
"Deer Park","IL","1719083","=""1719083""","35.70"
"DeKalb","IL","1719161","=""1719161""","21.80"
"De Land","IL","1719200","=""1719200""","N/A"
"Delavan","IL","1719226","=""1719226""","30.40"
"De Pue","IL","1719499","=""1719499""","21.30"
"De Soto","IL","1719616","=""1719616""","21.10"
"Des Plaines","IL","1719642","=""1719642""","N/A"
"Detroit","IL","1719681","=""1719681""","N/A"
"De Witt","IL","1719798","=""1719798""","N/A"
"Diamond","IL","1719837","=""1719837""","26.50"
"Dieterich","IL","1719915","=""1719915""","N/A"
"Divernon","IL","1720045","=""1720045""","23.90"
"Dix","IL","1720123","=""1720123""","N/A"
"Dixmoor","IL","1720149","=""1720149""","27.20"
"Dixon","IL","1720162","=""1720162""","18.10"
"Dolton","IL","1720292","=""1720292""","38.20"
"Dongola","IL","1720305","=""1720305""","N/A"
"Donnellson","IL","1720318","=""1720318""","N/A"
"Donovan","IL","1720331","=""1720331""","N/A"
"Dorchester","IL","1720370","=""1720370""","N/A"
"Dover","IL","1720526","=""1720526""","N/A"
"Dowell","IL","1720565","=""1720565""","N/A"
"Downers Grove","IL","1720591","=""1720591""","29.20"
"Downs","IL","1720643","=""1720643""","N/A"
"Du Bois","IL","1720890","=""1720890""","N/A"
"Dunfermline","IL","1721098","=""1721098""","N/A"
"Dunlap","IL","1721176","=""1721176""","18.40"
"Dupo","IL","1721254","=""1721254""","22.60"
"Du Quoin","IL","1721267","=""1721267""","19.80"
"Durand","IL","1721280","=""1721280""","26.70"
"Dwight","IL","1721358","=""1721358""","20.70"
"Eagarville","IL","1721410","=""1721410""","N/A"
"Earlville","IL","1721540","=""1721540""","33.70"
"East Alton","IL","1721553","=""1721553""","25.30"
"East Brooklyn","IL","1721579","=""1721579""","N/A"
"East Cape Girardeau","IL","1721605","=""1721605""","N/A"
"East Carondelet","IL","1721618","=""1721618""","N/A"
"East Dubuque","IL","1721683","=""1721683""","15.80"
"East Dundee","IL","1721696","=""1721696""","28.50"
"East Galesburg","IL","1721826","=""1721826""","N/A"
"East Gillespie","IL","1721852","=""1721852""","N/A"
"East Hazel Crest","IL","1721904","=""1721904""","28.70"
"East Moline","IL","1722073","=""1722073""","19.90"
"Easton","IL","1722151","=""1722151""","N/A"
"East Peoria","IL","1722164","=""1722164""","19.60"
"East St. Louis","IL","1722255","=""1722255""","25.50"
"Eddyville","IL","1722398","=""1722398""","N/A"
"Edgewood","IL","1722567","=""1722567""","N/A"
"Edinburg","IL","1722645","=""1722645""","30.50"
"Edwardsville","IL","1722697","=""1722697""","23.50"
"Effingham","IL","1722736","=""1722736""","12.80"
"Elburn","IL","1722931","=""1722931""","32.80"
"El Dara","IL","1722957","=""1722957""","N/A"
"Eldorado","IL","1723009","=""1723009""","26.10"
"Eldred","IL","1723022","=""1723022""","N/A"
"Elgin","IL","1723074","=""1723074""","N/A"
"Elizabeth","IL","1723165","=""1723165""","N/A"
"Elizabethtown","IL","1723191","=""1723191""","N/A"
"Elk Grove Village","IL","1723256","=""1723256""","N/A"
"Elkhart","IL","1723269","=""1723269""","N/A"
"Elkville","IL","1723373","=""1723373""","29.20"
"Elliott","IL","1723425","=""1723425""","N/A"
"Ellis Grove","IL","1723503","=""1723503""","N/A"
"Ellisville","IL","1723529","=""1723529""","N/A"
"Ellsworth","IL","1723555","=""1723555""","N/A"
"Elmhurst","IL","1723620","=""1723620""","29.00"
"Elmwood","IL","1723698","=""1723698""","25.10"
"Elmwood Park","IL","1723724","=""1723724""","35.00"
"El Paso","IL","1723737","=""1723737""","20.50"
"Elsah","IL","1723776","=""1723776""","N/A"
"Elvaston","IL","1723841","=""1723841""","N/A"
"Elwood","IL","1723945","=""1723945""","29.00"
"Emden","IL","1723971","=""1723971""","N/A"
"Emington","IL","1724062","=""1724062""","N/A"
"Energy","IL","1724166","=""1724166""","17.10"
"Enfield","IL","1724179","=""1724179""","N/A"
"Equality","IL","1724348","=""1724348""","N/A"
"Erie","IL","1724374","=""1724374""","25.80"
"Essex","IL","1724452","=""1724452""","N/A"
"Eureka","IL","1724543","=""1724543""","17.00"
"Evanston","IL","1724582","=""1724582""","N/A"
"Evansville","IL","1724608","=""1724608""","N/A"
"Evergreen Park","IL","1724634","=""1724634""","35.70"
"Ewing","IL","1724673","=""1724673""","N/A"
"Exeter","IL","1724699","=""1724699""","N/A"
"Fairbury","IL","1724764","=""1724764""","16.50"
"Fairfield","IL","1724816","=""1724816""","19.90"
"Fairmont","IL","1724920","=""1724920""","28.20"
"Fairmont City","IL","1724933","=""1724933""","N/A"
"Fairmount","IL","1724985","=""1724985""","N/A"
"Fairview","IL","1725063","=""1725063""","N/A"
"Fairview Heights","IL","1725141","=""1725141""","23.70"
"Farina","IL","1725375","=""1725375""","N/A"
"Farmer City","IL","1725414","=""1725414""","25.40"
"Farmersville","IL","1725440","=""1725440""","N/A"
"Farmington","IL","1725531","=""1725531""","25.30"
"Fayetteville","IL","1725713","=""1725713""","N/A"
"Ferris","IL","1725895","=""1725895""","N/A"
"Fidelity","IL","1725960","=""1725960""","N/A"
"Fieldon","IL","1726012","=""1726012""","N/A"
"Fillmore","IL","1726077","=""1726077""","N/A"
"Findlay","IL","1726116","=""1726116""","N/A"
"Fisher","IL","1726194","=""1726194""","23.20"
"Fithian","IL","1726233","=""1726233""","N/A"
"Flanagan","IL","1726311","=""1726311""","20.30"
"Flat Rock","IL","1726350","=""1726350""","N/A"
"Flora","IL","1726454","=""1726454""","18.00"
"Floraville","IL","1726467","=""1726467""","N/A"
"Florence","IL","1726480","=""1726480""","N/A"
"Flossmoor","IL","1726571","=""1726571""","37.00"
"Foosland","IL","1726662","=""1726662""","N/A"
"Ford Heights","IL","1726710","=""1726710""","27.10"
"Forest City","IL","1726753","=""1726753""","N/A"
"Forest Lake","IL","1726896","=""1726896""","32.00"
"Forest Park","IL","1726935","=""1726935""","33.20"
"Forest View","IL","1726987","=""1726987""","N/A"
"Forrest","IL","1727026","=""1727026""","20.50"
"Forreston","IL","1727065","=""1727065""","25.60"
"Forsyth","IL","1727091","=""1727091""","21.80"
"Fox Lake","IL","1727442","=""1727442""","39.20"
"Fox Lake Hills","IL","1727455","=""1727455""","N/A"
"Fox River Grove","IL","1727533","=""1727533""","34.10"
"Frankfort","IL","1727624","=""1727624""","34.30"
"Frankfort Square","IL","1727644","=""1727644""","N/A"
"Franklin","IL","1727663","=""1727663""","N/A"
"Franklin Grove","IL","1727689","=""1727689""","26.60"
"Franklin Park","IL","1727702","=""1727702""","28.90"
"Freeburg","IL","1727806","=""1727806""","26.00"
"Freeman Spur","IL","1727858","=""1727858""","N/A"
"Freeport","IL","1727884","=""1727884""","17.80"
"Fulton","IL","1728144","=""1728144""","16.00"
"Fults","IL","1728170","=""1728170""","N/A"
"Gages Lake","IL","1728248","=""1728248""","29.80"
"Galatia","IL","1728261","=""1728261""","N/A"
"Galena","IL","1728300","=""1728300""","11.50"
"Galesburg","IL","1728326","=""1728326""","14.40"
"Galva","IL","1728430","=""1728430""","25.20"
"Garden Prairie","IL","1728612","=""1728612""","N/A"
"Gardner","IL","1728638","=""1728638""","31.30"
"Garrett","IL","1728742","=""1728742""","N/A"
"Gays","IL","1728807","=""1728807""","N/A"
"Geneseo","IL","1728846","=""1728846""","18.90"
"Geneva","IL","1728872","=""1728872""","30.90"
"Genoa","IL","1728898","=""1728898""","36.80"
"Georgetown","IL","1728950","=""1728950""","27.30"
"Georgetown","IL","1728963","=""1728963""","N/A"
"Germantown","IL","1729041","=""1729041""","23.40"
"Germantown Hills","IL","1729080","=""1729080""","N/A"
"German Valley","IL","1729093","=""1729093""","N/A"
"Gibson City","IL","1729125","=""1729125""","17.50"
"Gifford","IL","1729145","=""1729145""","N/A"
"Gilberts","IL","1729171","=""1729171""","35.90"
"Gillespie","IL","1729236","=""1729236""","23.50"
"Gilman","IL","1729275","=""1729275""","21.20"
"Gilson","IL","1729340","=""1729340""","N/A"
"Girard","IL","1729392","=""1729392""","29.30"
"Gladstone","IL","1729431","=""1729431""","N/A"
"Glasford","IL","1729483","=""1729483""","24.60"
"Glasgow","IL","1729496","=""1729496""","N/A"
"Glen Carbon","IL","1729639","=""1729639""","24.20"
"Glencoe","IL","1729652","=""1729652""","36.40"
"Glendale Heights","IL","1729730","=""1729730""","25.40"
"Glen Ellyn","IL","1729756","=""1729756""","29.90"
"Glenview","IL","1729938","=""1729938""","29.90"
"Glenwood","IL","1730029","=""1730029""","31.80"
"Godfrey","IL","1730094","=""1730094""","25.40"
"Godley","IL","1730120","=""1730120""","N/A"
"Golconda","IL","1730133","=""1730133""","N/A"
"Golden","IL","1730159","=""1730159""","N/A"
"Golden Gate","IL","1730250","=""1730250""","N/A"
"Golf","IL","1730328","=""1730328""","N/A"
"Goodfield","IL","1730445","=""1730445""","N/A"
"Good Hope","IL","1730458","=""1730458""","N/A"
"Goofy Ridge","IL","1730510","=""1730510""","N/A"
"Goreville","IL","1730575","=""1730575""","25.80"
"Gorham","IL","1730588","=""1730588""","N/A"
"Grafton","IL","1730653","=""1730653""","N/A"
"Grand Detour","IL","1730705","=""1730705""","N/A"
"Grand Ridge","IL","1730757","=""1730757""","N/A"
"Grand Tower","IL","1730770","=""1730770""","N/A"
"Grandview","IL","1730835","=""1730835""","20.50"
"Grandwood Park","IL","1730900","=""1730900""","30.20"
"Granite City","IL","1730926","=""1730926""","22.90"
"Grantfork","IL","1730978","=""1730978""","N/A"
"Grant Park","IL","1730991","=""1730991""","29.20"
"Granville","IL","1731017","=""1731017""","20.50"
"Grayslake","IL","1731121","=""1731121""","30.70"
"Grayville","IL","1731165","=""1731165""","21.70"
"Greenfield","IL","1731368","=""1731368""","26.60"
"Green Oaks","IL","1731446","=""1731446""","27.20"
"Greenup","IL","1731524","=""1731524""","19.30"
"Green Valley","IL","1731563","=""1731563""","N/A"
"Greenview","IL","1731576","=""1731576""","N/A"
"Greenville","IL","1731589","=""1731589""","17.70"
"Greenwood","IL","1731667","=""1731667""","N/A"
"Gridley","IL","1731732","=""1731732""","22.00"
"Griggsville","IL","1731771","=""1731771""","N/A"
"Gulf Port","IL","1731992","=""1731992""","N/A"
"Gurnee","IL","1732018","=""1732018""","27.20"
"Hainesville","IL","1732200","=""1732200""","32.40"
"Hamburg","IL","1732395","=""1732395""","N/A"
"Hamel","IL","1732408","=""1732408""","N/A"
"Hamilton","IL","1732434","=""1732434""","22.70"
"Hammond","IL","1732499","=""1732499""","N/A"
"Hampshire","IL","1732525","=""1732525""","34.10"
"Hampton","IL","1732564","=""1732564""","23.70"
"Hanaford","IL","1732616","=""1732616""","N/A"
"Hanna City","IL","1732668","=""1732668""","24.00"
"Hanover","IL","1732707","=""1732707""","N/A"
"Hanover Park","IL","1732746","=""1732746""","28.80"
"Hardin","IL","1732850","=""1732850""","N/A"
"Harmon","IL","1732967","=""1732967""","N/A"
"Harrisburg","IL","1733136","=""1733136""","18.70"
"Harrison","IL","1733162","=""1733162""","N/A"
"Harristown","IL","1733227","=""1733227""","19.20"
"Hartford","IL","1733279","=""1733279""","19.00"
"Hartsburg","IL","1733318","=""1733318""","N/A"
"Harvard","IL","1733331","=""1733331""","32.60"
"Harvel","IL","1733357","=""1733357""","N/A"
"Harvey","IL","1733383","=""1733383""","29.80"
"Harwood Heights","IL","1733435","=""1733435""","32.30"
"Havana","IL","1733513","=""1733513""","16.40"
"Hawthorn Woods","IL","1733630","=""1733630""","37.00"
"Hazel Crest","IL","1733695","=""1733695""","35.30"
"Hebron","IL","1733851","=""1733851""","26.10"
"Hecker","IL","1733877","=""1733877""","N/A"
"Henderson","IL","1734007","=""1734007""","N/A"
"Hennepin","IL","1734098","=""1734098""","N/A"
"Henning","IL","1734137","=""1734137""","N/A"
"Henry","IL","1734163","=""1734163""","21.80"
"Heritage Lake","IL","1734272","=""1734272""","28.80"
"Herrick","IL","1734332","=""1734332""","N/A"
"Herrin","IL","1734358","=""1734358""","21.30"
"Herscher","IL","1734384","=""1734384""","24.20"
"Hettick","IL","1734423","=""1734423""","N/A"
"Heyworth","IL","1734449","=""1734449""","24.50"
"Hickory Hills","IL","1734514","=""1734514""","33.00"
"Hidalgo","IL","1734553","=""1734553""","N/A"
"Highland","IL","1734670","=""1734670""","24.30"
"Highland Park","IL","1734722","=""1734722""","30.60"
"Highwood","IL","1734865","=""1734865""","23.00"
"Hillcrest","IL","1734982","=""1734982""","27.70"
"Hillsboro","IL","1735047","=""1735047""","17.70"
"Hillsdale","IL","1735073","=""1735073""","N/A"
"Hillside","IL","1735086","=""1735086""","27.70"
"Hillview","IL","1735203","=""1735203""","N/A"
"Hinckley","IL","1735268","=""1735268""","31.10"
"Hindsboro","IL","1735281","=""1735281""","N/A"
"Hinsdale","IL","1735307","=""1735307""","31.30"
"Hodgkins","IL","1735385","=""1735385""","24.90"
"Hoffman","IL","1735398","=""1735398""","N/A"
"Hoffman Estates","IL","1735411","=""1735411""","N/A"
"Holiday Hills","IL","1735515","=""1735515""","N/A"
"Holiday Shores","IL","1735541","=""1735541""","33.90"
"Hollowayville","IL","1735671","=""1735671""","N/A"
"Homer","IL","1735814","=""1735814""","N/A"
"Homer Glen","IL","1735835","=""1735835""","33.40"
"Hometown","IL","1735866","=""1735866""","31.20"
"Homewood","IL","1735879","=""1735879""","31.80"
"Hoopeston","IL","1736061","=""1736061""","26.30"
"Hooppole","IL","1736074","=""1736074""","N/A"
"Hopedale","IL","1736126","=""1736126""","21.60"
"Hopewell","IL","1736150","=""1736150""","N/A"
"Hopkins Park","IL","1736190","=""1736190""","N/A"
"Hoyleton","IL","1736347","=""1736347""","N/A"
"Hudson","IL","1736438","=""1736438""","21.60"
"Huey","IL","1736477","=""1736477""","N/A"
"Hull","IL","1736516","=""1736516""","N/A"
"Humboldt","IL","1736542","=""1736542""","N/A"
"Hume","IL","1736568","=""1736568""","N/A"
"Huntley","IL","1736750","=""1736750""","35.70"
"Hurst","IL","1736815","=""1736815""","N/A"
"Hutsonville","IL","1736841","=""1736841""","N/A"
"Illiopolis","IL","1737127","=""1737127""","N/A"
"Ina","IL","1737179","=""1737179""","26.40"
"Indian Creek","IL","1737218","=""1737218""","N/A"
"Indian Head Park","IL","1737257","=""1737257""","31.40"
"Indianola","IL","1737348","=""1737348""","N/A"
"Industry","IL","1737439","=""1737439""","N/A"
"Ingalls Park","IL","1737465","=""1737465""","26.50"
"Inverness","IL","1737608","=""1737608""","33.60"
"Iola","IL","1737621","=""1737621""","N/A"
"Ipava","IL","1737647","=""1737647""","N/A"
"Iroquois","IL","1737712","=""1737712""","N/A"
"Irving","IL","1737738","=""1737738""","N/A"
"Irvington","IL","1737777","=""1737777""","N/A"
"Irwin","IL","1737803","=""1737803""","N/A"
"Island Lake","IL","1737894","=""1737894""","35.50"
"Itasca","IL","1737907","=""1737907""","28.60"
"Iuka","IL","1737933","=""1737933""","N/A"
"Ivesdale","IL","1737998","=""1737998""","N/A"
"Jacksonville","IL","1738115","=""1738115""","16.50"
"Jeffersonville","IL","1738323","=""1738323""","N/A"
"Jeisyville","IL","1738349","=""1738349""","N/A"
"Jerome","IL","1738375","=""1738375""","18.20"
"Jerseyville","IL","1738414","=""1738414""","26.60"
"Jewett","IL","1738427","=""1738427""","N/A"
"Johnsburg","IL","1738479","=""1738479""","34.70"
"Johnsonville","IL","1738531","=""1738531""","N/A"
"Johnston City","IL","1738544","=""1738544""","20.50"
"Joliet","IL","1738570","=""1738570""","N/A"
"Jonesboro","IL","1738635","=""1738635""","25.70"
"Joppa","IL","1738674","=""1738674""","N/A"
"Joy","IL","1738739","=""1738739""","N/A"
"Junction","IL","1738778","=""1738778""","N/A"
"Junction City","IL","1738791","=""1738791""","N/A"
"Justice","IL","1738830","=""1738830""","30.40"
"Kampsville","IL","1738856","=""1738856""","N/A"
"Kane","IL","1738869","=""1738869""","N/A"
"Kaneville","IL","1738895","=""1738895""","N/A"
"Kangley","IL","1738921","=""1738921""","N/A"
"Kankakee","IL","1738934","=""1738934""","21.00"
"Kansas","IL","1738986","=""1738986""","N/A"
"Kappa","IL","1739038","=""1739038""","N/A"
"Karnak","IL","1739077","=""1739077""","N/A"
"Kaskaskia","IL","1739129","=""1739129""","N/A"
"Keenes","IL","1739233","=""1739233""","N/A"
"Keensburg","IL","1739259","=""1739259""","N/A"
"Keithsburg","IL","1739298","=""1739298""","N/A"
"Kell","IL","1739324","=""1739324""","N/A"
"Kempton","IL","1739441","=""1739441""","N/A"
"Kenilworth","IL","1739519","=""1739519""","36.70"
"Kenney","IL","1739532","=""1739532""","N/A"
"Kewanee","IL","1739727","=""1739727""","19.20"
"Keyesport","IL","1739753","=""1739753""","N/A"
"Kilbourne","IL","1739857","=""1739857""","N/A"
"Kildeer","IL","1739883","=""1739883""","33.90"
"Kincaid","IL","1739909","=""1739909""","27.60"
"Kinderhook","IL","1739922","=""1739922""","N/A"
"Kingston","IL","1740065","=""1740065""","34.70"
"Kingston Mines","IL","1740091","=""1740091""","N/A"
"Kinmundy","IL","1740117","=""1740117""","26.10"
"Kinsman","IL","1740143","=""1740143""","N/A"
"Kirkland","IL","1740156","=""1740156""","21.20"
"Kirkwood","IL","1740182","=""1740182""","N/A"
"Knollwood","IL","1740364","=""1740364""","N/A"
"Knoxville","IL","1740416","=""1740416""","30.70"
"Lacon","IL","1740559","=""1740559""","22.60"
"Ladd","IL","1740598","=""1740598""","16.80"
"La Fayette","IL","1740676","=""1740676""","N/A"
"La Grange","IL","1740767","=""1740767""","N/A"
"La Grange Park","IL","1740793","=""1740793""","30.60"
"La Harpe","IL","1740832","=""1740832""","26.10"
"Lake Barrington","IL","1740884","=""1740884""","36.50"
"Lake Bluff","IL","1740910","=""1740910""","30.90"
"Lake Camelot","IL","1740962","=""1740962""","25.30"
"Lake Catherine","IL","1740988","=""1740988""","31.00"
"Lake Forest","IL","1741105","=""1741105""","30.90"
"Lake Holiday","IL","1741157","=""1741157""","36.30"
"Lake in the Hills","IL","1741183","=""1741183""","35.50"
"Lake Ka-Ho","IL","1741214","=""1741214""","N/A"
"Lakemoor","IL","1741326","=""1741326""","42.00"
"Lake of the Woods","IL","1741346","=""1741346""","31.40"
"Lake Petersburg","IL","1741404","=""1741404""","N/A"
"Lake Summerset","IL","1741456","=""1741456""","38.50"
"Lake Villa","IL","1741586","=""1741586""","33.10"
"Lakewood","IL","1741651","=""1741651""","N/A"
"Lakewood Shores","IL","1741716","=""1741716""","30.90"
"Lake Zurich","IL","1741742","=""1741742""","32.20"
"La Moille","IL","1741794","=""1741794""","N/A"
"Lanark","IL","1741859","=""1741859""","23.40"
"Langleyville","IL","1742002","=""1742002""","N/A"
"Lansing","IL","1742028","=""1742028""","28.70"
"LaPlace","IL","1742067","=""1742067""","N/A"
"La Prairie","IL","1742080","=""1742080""","N/A"
"La Rose","IL","1742171","=""1742171""","N/A"
"LaSalle","IL","1742184","=""1742184""","18.10"
"Latham","IL","1742249","=""1742249""","N/A"
"Lawrenceville","IL","1742405","=""1742405""","16.20"
"Leaf River","IL","1742457","=""1742457""","N/A"
"Lebanon","IL","1742496","=""1742496""","24.80"
"Lee","IL","1742587","=""1742587""","N/A"
"Leland","IL","1742756","=""1742756""","N/A"
"Leland Grove","IL","1742769","=""1742769""","15.80"
"Lemont","IL","1742795","=""1742795""","34.20"
"Lena","IL","1742834","=""1742834""","22.20"
"Lenzburg","IL","1742860","=""1742860""","N/A"
"Leonore","IL","1742912","=""1742912""","N/A"
"Lerna","IL","1742938","=""1742938""","N/A"
"Le Roy","IL","1742971","=""1742971""","22.70"
"Lewistown","IL","1743055","=""1743055""","30.10"
"Lexington","IL","1743094","=""1743094""","27.60"
"Liberty","IL","1743133","=""1743133""","N/A"
"Libertyville","IL","1743250","=""1743250""","26.70"
"Lily Lake","IL","1743406","=""1743406""","38.70"
"Lima","IL","1743445","=""1743445""","N/A"
"Limestone","IL","1743510","=""1743510""","21.60"
"Lincoln","IL","1743536","=""1743536""","16.60"
"Lincolnshire","IL","1743666","=""1743666""","28.80"
"Lincolnwood","IL","1743744","=""1743744""","27.70"
"Lindenhurst","IL","1743770","=""1743770""","33.00"
"Lisbon","IL","1743900","=""1743900""","N/A"
"Lisle","IL","1743939","=""1743939""","29.20"
"Litchfield","IL","1743965","=""1743965""","19.70"
"Littleton","IL","1744056","=""1744056""","N/A"
"Little York","IL","1744082","=""1744082""","N/A"
"Liverpool","IL","1744121","=""1744121""","N/A"
"Livingston","IL","1744160","=""1744160""","N/A"
"Loami","IL","1744173","=""1744173""","N/A"
"Lockport","IL","1744225","=""1744225""","34.10"
"Loda","IL","1744264","=""1744264""","N/A"
"Lomax","IL","1744381","=""1744381""","N/A"
"Lombard","IL","1744407","=""1744407""","27.40"
"London Mills","IL","1744446","=""1744446""","N/A"
"Long Creek","IL","1744498","=""1744498""","20.90"
"Long Grove","IL","1744524","=""1744524""","33.70"
"Long Lake","IL","1744550","=""1744550""","35.10"
"Long Point","IL","1744576","=""1744576""","N/A"
"Longview","IL","1744602","=""1744602""","N/A"
"Loraine","IL","1744719","=""1744719""","N/A"
"Lostant","IL","1744823","=""1744823""","N/A"
"Lost Nation","IL","1744836","=""1744836""","N/A"
"Louisville","IL","1744927","=""1744927""","17.40"
"Loves Park","IL","1745031","=""1745031""","21.00"
"Lovington","IL","1745044","=""1745044""","24.70"
"Ludlow","IL","1745174","=""1745174""","N/A"
"Lyndon","IL","1745278","=""1745278""","N/A"
"Lynnville","IL","1745369","=""1745369""","N/A"
"Lynwood","IL","1745421","=""1745421""","33.20"
"Lyons","IL","1745434","=""1745434""","30.30"
"McClure","IL","1745525","=""1745525""","N/A"
"McCook","IL","1745564","=""1745564""","N/A"
"McCullom Lake","IL","1745616","=""1745616""","31.40"
"Macedonia","IL","1745642","=""1745642""","N/A"
"McHenry","IL","1745694","=""1745694""","29.60"
"Machesney Park","IL","1745726","=""1745726""","22.10"
"Mackinaw","IL","1745785","=""1745785""","28.50"
"McLean","IL","1745811","=""1745811""","N/A"
"McLeansboro","IL","1745824","=""1745824""","27.30"
"McNabb","IL","1745850","=""1745850""","N/A"
"Macomb","IL","1745889","=""1745889""","11.60"
"Macon","IL","1745941","=""1745941""","20.90"
"Madison","IL","1745993","=""1745993""","22.40"
"Maeystown","IL","1746058","=""1746058""","N/A"
"Magnolia","IL","1746110","=""1746110""","N/A"
"Mahomet","IL","1746136","=""1746136""","20.90"
"Makanda","IL","1746214","=""1746214""","N/A"
"Malden","IL","1746240","=""1746240""","N/A"
"Malta","IL","1746279","=""1746279""","31.70"
"Manchester","IL","1746331","=""1746331""","N/A"
"Manhattan","IL","1746357","=""1746357""","33.50"
"Manito","IL","1746383","=""1746383""","27.60"
"Manlius","IL","1746422","=""1746422""","N/A"
"Mansfield","IL","1746487","=""1746487""","N/A"
"Manteno","IL","1746500","=""1746500""","32.10"
"Maple Park","IL","1746604","=""1746604""","30.60"
"Mapleton","IL","1746643","=""1746643""","N/A"
"Maquon","IL","1746695","=""1746695""","N/A"
"Marengo","IL","1746786","=""1746786""","32.90"
"Marietta","IL","1746825","=""1746825""","N/A"
"Marine","IL","1746864","=""1746864""","24.90"
"Marion","IL","1746916","=""1746916""","19.50"
"Marissa","IL","1746955","=""1746955""","31.70"
"Mark","IL","1746981","=""1746981""","N/A"
"Markham","IL","1747007","=""1747007""","31.40"
"Maroa","IL","1747072","=""1747072""","23.40"
"Marquette Heights","IL","1747111","=""1747111""","21.20"
"Marseilles","IL","1747150","=""1747150""","23.60"
"Marshall","IL","1747163","=""1747163""","18.00"
"Martinsville","IL","1747254","=""1747254""","19.70"
"Martinton","IL","1747280","=""1747280""","N/A"
"Maryville","IL","1747397","=""1747397""","26.20"
"Mascoutah","IL","1747423","=""1747423""","24.10"
"Mason","IL","1747449","=""1747449""","33.10"
"Mason City","IL","1747475","=""1747475""","N/A"
"Matherville","IL","1747527","=""1747527""","N/A"
"Matteson","IL","1747540","=""1747540""","34.50"
"Mattoon","IL","1747553","=""1747553""","15.80"
"Maunie","IL","1747592","=""1747592""","N/A"
"Maywood","IL","1747774","=""1747774""","29.10"
"Mazon","IL","1747787","=""1747787""","N/A"
"Mechanicsburg","IL","1748021","=""1748021""","N/A"
"Media","IL","1748073","=""1748073""","N/A"
"Medora","IL","1748138","=""1748138""","N/A"
"Melrose Park","IL","1748242","=""1748242""","25.80"
"Melvin","IL","1748268","=""1748268""","N/A"
"Mendon","IL","1748307","=""1748307""","N/A"
"Mendota","IL","1748333","=""1748333""","20.40"
"Menominee","IL","1748359","=""1748359""","N/A"
"Meredosia","IL","1748424","=""1748424""","26.00"
"Merrionette Park","IL","1748554","=""1748554""","37.40"
"Metamora","IL","1748606","=""1748606""","25.10"
"Metcalf","IL","1748632","=""1748632""","N/A"
"Metropolis","IL","1748645","=""1748645""","17.40"
"Mettawa","IL","1748671","=""1748671""","N/A"
"Middletown","IL","1748853","=""1748853""","N/A"
"Midlothian","IL","1748892","=""1748892""","28.40"
"Milan","IL","1749009","=""1749009""","19.40"
"Milford","IL","1749048","=""1749048""","22.00"
"Millbrook","IL","1749100","=""1749100""","N/A"
"Mill Creek","IL","1749178","=""1749178""","N/A"
"Milledgeville","IL","1749191","=""1749191""","20.40"
"Millington","IL","1749308","=""1749308""","N/A"
"Mill Shoals","IL","1749347","=""1749347""","N/A"
"Millstadt","IL","1749386","=""1749386""","22.10"
"Milton","IL","1749477","=""1749477""","N/A"
"Mineral","IL","1749516","=""1749516""","N/A"
"Minier","IL","1749555","=""1749555""","26.50"
"Minonk","IL","1749568","=""1749568""","27.80"
"Minooka","IL","1749607","=""1749607""","33.50"
"Mitchell","IL","1749698","=""1749698""","27.30"
"Modesto","IL","1749802","=""1749802""","N/A"
"Mokena","IL","1749854","=""1749854""","34.50"
"Moline","IL","1749867","=""1749867""","17.20"
"Momence","IL","1749893","=""1749893""","22.70"
"Monee","IL","1749945","=""1749945""","35.10"
"Monmouth","IL","1750010","=""1750010""","16.20"
"Monroe Center","IL","1750062","=""1750062""","N/A"
"Montgomery","IL","1750218","=""1750218""","30.50"
"Monticello","IL","1750244","=""1750244""","21.00"
"Montrose","IL","1750283","=""1750283""","N/A"
"Morris","IL","1750491","=""1750491""","23.30"
"Morrison","IL","1750530","=""1750530""","23.70"
"Morrisonville","IL","1750543","=""1750543""","N/A"
"Morton","IL","1750621","=""1750621""","29.20"
"Morton Grove","IL","1750647","=""1750647""","N/A"
"Mound City","IL","1750751","=""1750751""","N/A"
"Mounds","IL","1750777","=""1750777""","22.20"
"Mound Station","IL","1750790","=""1750790""","N/A"
"Mount Auburn","IL","1750829","=""1750829""","N/A"
"Mount Carmel","IL","1750868","=""1750868""","18.80"
"Mount Carroll","IL","1750881","=""1750881""","24.40"
"Mount Clare","IL","1750920","=""1750920""","N/A"
"Mount Erie","IL","1750933","=""1750933""","N/A"
"Mount Morris","IL","1750998","=""1750998""","19.00"
"Mount Olive","IL","1751024","=""1751024""","26.60"
"Mount Prospect","IL","1751089","=""1751089""","N/A"
"Mount Pulaski","IL","1751128","=""1751128""","25.40"
"Mount Sterling","IL","1751154","=""1751154""","17.20"
"Mount Vernon","IL","1751180","=""1751180""","14.10"
"Mount Zion","IL","1751206","=""1751206""","20.70"
"Moweaqua","IL","1751232","=""1751232""","25.30"
"Muddy","IL","1751271","=""1751271""","N/A"
"Mulberry Grove","IL","1751284","=""1751284""","N/A"
"Mulkeytown","IL","1751310","=""1751310""","N/A"
"Muncie","IL","1751336","=""1751336""","N/A"
"Mundelein","IL","1751349","=""1751349""","29.50"
"Murphysboro","IL","1751453","=""1751453""","21.90"
"Murrayville","IL","1751479","=""1751479""","N/A"
"Naperville","IL","1751622","=""1751622""","N/A"
"Naplate","IL","1751648","=""1751648""","N/A"
"Naples","IL","1751661","=""1751661""","N/A"
"Nashville","IL","1751700","=""1751700""","16.30"
"Nason","IL","1751726","=""1751726""","N/A"
"Nauvoo","IL","1751791","=""1751791""","22.20"
"Nebo","IL","1751882","=""1751882""","N/A"
"Nelson","IL","1751947","=""1751947""","N/A"
"Neoga","IL","1751986","=""1751986""","24.50"
"Neponset","IL","1751999","=""1751999""","N/A"
"Newark","IL","1752103","=""1752103""","28.90"
"New Athens","IL","1752116","=""1752116""","26.50"
"New Baden","IL","1752142","=""1752142""","26.30"
"New Bedford","IL","1752155","=""1752155""","N/A"
"New Berlin","IL","1752168","=""1752168""","21.90"
"New Boston","IL","1752220","=""1752220""","N/A"
"New Burnside","IL","1752285","=""1752285""","N/A"
"New Canton","IL","1752311","=""1752311""","N/A"
"New Douglas","IL","1752415","=""1752415""","N/A"
"New Grand Chain","IL","1752467","=""1752467""","N/A"
"New Haven","IL","1752506","=""1752506""","N/A"
"New Holland","IL","1752545","=""1752545""","N/A"
"New Lenox","IL","1752584","=""1752584""","35.40"
"Newman","IL","1752623","=""1752623""","N/A"
"New Milford","IL","1752701","=""1752701""","N/A"
"New Minden","IL","1752714","=""1752714""","N/A"
"New Salem","IL","1752805","=""1752805""","N/A"
"Newton","IL","1752844","=""1752844""","21.90"
"Niantic","IL","1752961","=""1752961""","N/A"
"Niles","IL","1753000","=""1753000""","27.80"
"Nilwood","IL","1753039","=""1753039""","N/A"
"Noble","IL","1753143","=""1753143""","N/A"
"Nokomis","IL","1753169","=""1753169""","30.20"
"Nora","IL","1753195","=""1753195""","N/A"
"Normal","IL","1753234","=""1753234""","N/A"
"Norridge","IL","1753377","=""1753377""","32.10"
"Norris","IL","1753390","=""1753390""","25.50"
"Norris City","IL","1753403","=""1753403""","N/A"
"North Aurora","IL","1753442","=""1753442""","26.90"
"North Barrington","IL","1753455","=""1753455""","37.00"
"Northbrook","IL","1753481","=""1753481""","28.70"
"North Chicago","IL","1753559","=""1753559""","15.80"
"North City","IL","1753585","=""1753585""","N/A"
"Northfield","IL","1753663","=""1753663""","29.30"
"North Henderson","IL","1753793","=""1753793""","N/A"
"Northlake","IL","1753871","=""1753871""","24.70"
"North Pekin","IL","1754092","=""1754092""","21.30"
"North Riverside","IL","1754144","=""1754144""","24.60"
"North Utica","IL","1754222","=""1754222""","22.40"
"Norwood","IL","1754404","=""1754404""","N/A"
"Oak Brook","IL","1754534","=""1754534""","28.00"
"Oakbrook Terrace","IL","1754560","=""1754560""","26.40"
"Oakdale","IL","1754586","=""1754586""","N/A"
"Oakford","IL","1754625","=""1754625""","N/A"
"Oak Forest","IL","1754638","=""1754638""","30.60"
"Oak Grove","IL","1754703","=""1754703""","N/A"
"Oakland","IL","1754781","=""1754781""","N/A"
"Oak Lawn","IL","1754820","=""1754820""","N/A"
"Oak Park","IL","1754885","=""1754885""","N/A"
"Oak Run","IL","1754924","=""1754924""","N/A"
"Oakwood","IL","1755002","=""1755002""","N/A"
"Oakwood Hills","IL","1755041","=""1755041""","33.60"
"Oblong","IL","1755106","=""1755106""","21.60"
"Oconee","IL","1755132","=""1755132""","N/A"
"Odell","IL","1755171","=""1755171""","N/A"
"Odin","IL","1755210","=""1755210""","19.70"
"O'Fallon","IL","1755249","=""1755249""","24.50"
"Ogden","IL","1755275","=""1755275""","N/A"
"Oglesby","IL","1755353","=""1755353""","19.80"
"Ohio","IL","1755379","=""1755379""","N/A"
"Ohlman","IL","1755418","=""1755418""","N/A"
"Okawville","IL","1755470","=""1755470""","26.70"
"Old Mill Creek","IL","1755639","=""1755639""","N/A"
"Old Ripley","IL","1755717","=""1755717""","N/A"
"Old Shawneetown","IL","1755756","=""1755756""","N/A"
"Olive Branch","IL","1755847","=""1755847""","N/A"
"Olivet","IL","1755886","=""1755886""","N/A"
"Olmsted","IL","1755899","=""1755899""","N/A"
"Olney","IL","1755912","=""1755912""","16.10"
"Olympia Fields","IL","1755938","=""1755938""","39.10"
"Omaha","IL","1756003","=""1756003""","N/A"
"Onarga","IL","1756081","=""1756081""","19.80"
"Oneida","IL","1756159","=""1756159""","N/A"
"Opdyke","IL","1756198","=""1756198""","N/A"
"Oquawka","IL","1756237","=""1756237""","22.70"
"Orangeville","IL","1756341","=""1756341""","N/A"
"Oreana","IL","1756471","=""1756471""","N/A"
"Oregon","IL","1756484","=""1756484""","23.30"
"Orient","IL","1756536","=""1756536""","N/A"
"Orion","IL","1756601","=""1756601""","26.60"
"Orland Hills","IL","1756627","=""1756627""","33.50"
"Orland Park","IL","1756640","=""1756640""","N/A"
"Oswego","IL","1756887","=""1756887""","34.20"
"Ottawa","IL","1756926","=""1756926""","19.40"
"Otterville","IL","1756978","=""1756978""","N/A"
"Owaneco","IL","1757043","=""1757043""","N/A"
"Paderborn","IL","1757160","=""1757160""","N/A"
"Palatine","IL","1757225","=""1757225""","N/A"
"Palestine","IL","1757277","=""1757277""","19.50"
"Palmer","IL","1757303","=""1757303""","N/A"
"Palmyra","IL","1757329","=""1757329""","N/A"
"Palos Heights","IL","1757381","=""1757381""","35.40"
"Palos Hills","IL","1757394","=""1757394""","32.20"
"Palos Park","IL","1757407","=""1757407""","31.90"
"Pana","IL","1757472","=""1757472""","22.30"
"Panama","IL","1757498","=""1757498""","N/A"
"Panola","IL","1757524","=""1757524""","N/A"
"Papineau","IL","1757576","=""1757576""","N/A"
"Paris","IL","1757628","=""1757628""","14.10"
"Park City","IL","1757654","=""1757654""","25.20"
"Parkersburg","IL","1757693","=""1757693""","N/A"
"Park Forest","IL","1757732","=""1757732""","32.90"
"Park Ridge","IL","1757875","=""1757875""","31.00"
"Patoka","IL","1758057","=""1758057""","N/A"
"Pawnee","IL","1758174","=""1758174""","27.30"
"Paw Paw","IL","1758226","=""1758226""","N/A"
"Paxton","IL","1758239","=""1758239""","19.00"
"Payson","IL","1758265","=""1758265""","25.00"
"Pearl","IL","1758343","=""1758343""","N/A"
"Pearl City","IL","1758369","=""1758369""","N/A"
"Pecatonica","IL","1758408","=""1758408""","26.50"
"Pekin","IL","1758447","=""1758447""","20.20"
"Penfield","IL","1758577","=""1758577""","N/A"
"Peoria","IL","1759000","=""1759000""","N/A"
"Peoria Heights","IL","1759026","=""1759026""","18.50"
"Peotone","IL","1759052","=""1759052""","33.30"
"Percy","IL","1759104","=""1759104""","N/A"
"Perry","IL","1759156","=""1759156""","N/A"
"Peru","IL","1759234","=""1759234""","14.30"
"Pesotum","IL","1759273","=""1759273""","N/A"
"Petersburg","IL","1759312","=""1759312""","24.10"
"Phillipstown","IL","1759520","=""1759520""","N/A"
"Philo","IL","1759533","=""1759533""","21.00"
"Phoenix","IL","1759572","=""1759572""","28.40"
"Pierron","IL","1759709","=""1759709""","N/A"
"Pinckneyville","IL","1759884","=""1759884""","27.80"
"Pingree Grove","IL","1759988","=""1759988""","42.40"
"Piper City","IL","1760079","=""1760079""","N/A"
"Pistakee Highlands","IL","1760144","=""1760144""","37.50"
"Pittsburg","IL","1760209","=""1760209""","N/A"
"Pittsfield","IL","1760222","=""1760222""","23.90"
"Plainfield","IL","1760287","=""1760287""","37.90"
"Plainville","IL","1760339","=""1760339""","N/A"
"Plano","IL","1760352","=""1760352""","30.00"
"Plattville","IL","1760391","=""1760391""","N/A"
"Pleasant Hill","IL","1760534","=""1760534""","34.00"
"Pleasant Plains","IL","1760599","=""1760599""","N/A"
"Plymouth","IL","1760833","=""1760833""","N/A"
"Pocahontas","IL","1760872","=""1760872""","N/A"
"Polo","IL","1760937","=""1760937""","25.80"
"Pontiac","IL","1761015","=""1761015""","16.60"
"Pontoon Beach","IL","1761067","=""1761067""","24.90"
"Pontoosuc","IL","1761080","=""1761080""","N/A"
"Poplar Grove","IL","1761145","=""1761145""","32.10"
"Port Barrington","IL","1761216","=""1761216""","40.20"
"Port Byron","IL","1761223","=""1761223""","24.40"
"Posen","IL","1761314","=""1761314""","37.90"
"Potomac","IL","1761366","=""1761366""","N/A"
"Prairie City","IL","1761548","=""1761548""","N/A"
"Prairie du Rocher","IL","1761639","=""1761639""","N/A"
"Prairie Grove","IL","1761678","=""1761678""","36.20"
"Prestbury","IL","1761821","=""1761821""","30.80"
"Preston Heights","IL","1761860","=""1761860""","25.10"
"Princeton","IL","1761899","=""1761899""","15.10"
"Princeville","IL","1761925","=""1761925""","23.00"
"Prophetstown","IL","1761977","=""1761977""","22.30"
"Prospect Heights","IL","1762016","=""1762016""","24.50"
"Pulaski","IL","1762211","=""1762211""","N/A"
"Quincy","IL","1762367","=""1762367""","13.60"
"Radom","IL","1762523","=""1762523""","N/A"
"Raleigh","IL","1762588","=""1762588""","N/A"
"Ramsey","IL","1762627","=""1762627""","27.10"
"Rankin","IL","1762744","=""1762744""","N/A"
"Ransom","IL","1762757","=""1762757""","N/A"
"Rantoul","IL","1762783","=""1762783""","22.90"
"Rapids City","IL","1762822","=""1762822""","N/A"
"Raritan","IL","1762848","=""1762848""","N/A"
"Raymond","IL","1762965","=""1762965""","N/A"
"Red Bud","IL","1763043","=""1763043""","26.30"
"Reddick","IL","1763056","=""1763056""","N/A"
"Redmon","IL","1763069","=""1763069""","N/A"
"Rentchler","IL","1763355","=""1763355""","N/A"
"Reynolds","IL","1763420","=""1763420""","N/A"
"Richmond","IL","1763641","=""1763641""","27.80"
"Richton Park","IL","1763706","=""1763706""","32.80"
"Richview","IL","1763719","=""1763719""","N/A"
"Ridge Farm","IL","1763862","=""1763862""","N/A"
"Ridgway","IL","1764018","=""1764018""","N/A"
"Ridott","IL","1764044","=""1764044""","N/A"
"Ringwood","IL","1764135","=""1764135""","N/A"
"Rio","IL","1764148","=""1764148""","N/A"
"Ripley","IL","1764174","=""1764174""","N/A"
"Riverdale","IL","1764278","=""1764278""","39.40"
"River Forest","IL","1764304","=""1764304""","31.00"
"River Grove","IL","1764343","=""1764343""","33.80"
"Riverside","IL","1764421","=""1764421""","31.00"
"Riverton","IL","1764486","=""1764486""","20.20"
"Riverwoods","IL","1764538","=""1764538""","33.00"
"Roanoke","IL","1764590","=""1764590""","24.50"
"Robbins","IL","1764616","=""1764616""","34.00"
"Roberts","IL","1764655","=""1764655""","N/A"
"Robinson","IL","1764707","=""1764707""","12.00"
"Rochelle","IL","1764746","=""1764746""","21.60"
"Rochester","IL","1764759","=""1764759""","21.60"
"Rockbridge","IL","1764811","=""1764811""","N/A"
"Rock City","IL","1764837","=""1764837""","N/A"
"Rockdale","IL","1764902","=""1764902""","20.10"
"Rock Falls","IL","1764928","=""1764928""","15.70"
"Rockford","IL","1765000","=""1765000""","N/A"
"Rock Island","IL","1765078","=""1765078""","17.60"
"Rock Island Arsenal","IL","1765104","=""1765104""","N/A"
"Rockton","IL","1765156","=""1765156""","26.00"
"Rockwood","IL","1765221","=""1765221""","N/A"
"Rolling Meadows","IL","1765338","=""1765338""","25.40"
"Rome","IL","1765403","=""1765403""","23.00"
"Romeoville","IL","1765442","=""1765442""","32.40"
"Roodhouse","IL","1765481","=""1765481""","24.50"
"Roscoe","IL","1765611","=""1765611""","25.80"
"Rose Hill","IL","1765754","=""1765754""","N/A"
"Roselle","IL","1765806","=""1765806""","27.90"
"Rosemont","IL","1765819","=""1765819""","21.80"
"Roseville","IL","1765845","=""1765845""","23.00"
"Rosewood Heights","IL","1765884","=""1765884""","25.90"
"Rosiclare","IL","1765897","=""1765897""","N/A"
"Rossville","IL","1765962","=""1765962""","36.60"
"Round Lake","IL","1766027","=""1766027""","N/A"
"Round Lake Beach","IL","1766040","=""1766040""","32.70"
"Round Lake Heights","IL","1766053","=""1766053""","35.30"
"Round Lake Park","IL","1766066","=""1766066""","33.20"
"Roxana","IL","1766131","=""1766131""","25.70"
"Royal","IL","1766157","=""1766157""","N/A"
"Royal Lakes","IL","1766196","=""1766196""","N/A"
"Royalton","IL","1766209","=""1766209""","29.00"
"Ruma","IL","1766287","=""1766287""","N/A"
"Rushville","IL","1766339","=""1766339""","19.50"
"Russellville","IL","1766404","=""1766404""","N/A"
"Rutland","IL","1766443","=""1766443""","N/A"
"Sadorus","IL","1766534","=""1766534""","N/A"
"Sailor Springs","IL","1766599","=""1766599""","N/A"
"St. Anne","IL","1766638","=""1766638""","23.40"
"St. Augustine","IL","1766677","=""1766677""","N/A"
"St. Charles","IL","1766703","=""1766703""","29.90"
"St. David","IL","1766768","=""1766768""","N/A"
"St. Elmo","IL","1766794","=""1766794""","16.60"
"Ste. Marie","IL","1766800","=""1766800""","N/A"
"St. Francisville","IL","1766833","=""1766833""","N/A"
"St. Jacob","IL","1766859","=""1766859""","29.70"
"St. Johns","IL","1766924","=""1766924""","N/A"
"St. Joseph","IL","1766950","=""1766950""","21.60"
"St. Libory","IL","1766989","=""1766989""","N/A"
"St. Peter","IL","1767132","=""1767132""","N/A"
"Salem","IL","1767236","=""1767236""","18.20"
"Sammons Point","IL","1767372","=""1767372""","N/A"
"Sandoval","IL","1767444","=""1767444""","16.70"
"Sandwich","IL","1767548","=""1767548""","33.10"
"San Jose","IL","1767613","=""1767613""","N/A"
"Sauget","IL","1767756","=""1767756""","N/A"
"Sauk Village","IL","1767769","=""1767769""","N/A"
"Saunemin","IL","1767795","=""1767795""","N/A"
"Savanna","IL","1767821","=""1767821""","24.70"
"Savoy","IL","1767860","=""1767860""","19.80"
"Sawyerville","IL","1767873","=""1767873""","N/A"
"Saybrook","IL","1767912","=""1767912""","N/A"
"Scales Mound","IL","1767925","=""1767925""","N/A"
"Schaumburg","IL","1768003","=""1768003""","N/A"
"Schiller Park","IL","1768081","=""1768081""","29.60"
"Schram City","IL","1768120","=""1768120""","N/A"
"Sciota","IL","1768198","=""1768198""","N/A"
"Scott AFB","IL","1768328","=""1768328""","10.60"
"Scottville","IL","1768406","=""1768406""","N/A"
"Seaton","IL","1768458","=""1768458""","N/A"
"Seatonville","IL","1768471","=""1768471""","N/A"
"Secor","IL","1768510","=""1768510""","N/A"
"Seneca","IL","1768640","=""1768640""","23.40"
"Sesser","IL","1768705","=""1768705""","29.70"
"Seymour","IL","1768809","=""1768809""","N/A"
"Shabbona","IL","1768822","=""1768822""","N/A"
"Shannon","IL","1768991","=""1768991""","N/A"
"Shawneetown","IL","1769082","=""1769082""","22.00"
"Sheffield","IL","1769147","=""1769147""","N/A"
"Shelbyville","IL","1769186","=""1769186""","14.50"
"Sheldon","IL","1769212","=""1769212""","29.00"
"Sheridan","IL","1769277","=""1769277""","26.90"
"Sherman","IL","1769342","=""1769342""","21.90"
"Sherrard","IL","1769368","=""1769368""","N/A"
"Shiloh","IL","1769524","=""1769524""","27.00"
"Shipman","IL","1769563","=""1769563""","N/A"
"Shorewood","IL","1769758","=""1769758""","32.00"
"Shumway","IL","1769797","=""1769797""","N/A"
"Sibley","IL","1769810","=""1769810""","N/A"
"Sidell","IL","1769836","=""1769836""","N/A"
"Sidney","IL","1769875","=""1769875""","25.90"
"Sigel","IL","1769914","=""1769914""","N/A"
"Silvis","IL","1769979","=""1769979""","19.50"
"Simpson","IL","1770005","=""1770005""","N/A"
"Sims","IL","1770031","=""1770031""","N/A"
"Skokie","IL","1770122","=""1770122""","N/A"
"Sleepy Hollow","IL","1770161","=""1770161""","31.70"
"Smithboro","IL","1770213","=""1770213""","N/A"
"Smithfield","IL","1770226","=""1770226""","N/A"
"Smithton","IL","1770252","=""1770252""","31.00"
"Somonauk","IL","1770460","=""1770460""","32.10"
"Sorento","IL","1770525","=""1770525""","N/A"
"South Barrington","IL","1770564","=""1770564""","25.80"
"South Beloit","IL","1770590","=""1770590""","21.40"
"South Chicago Heights","IL","1770629","=""1770629""","24.00"
"South Elgin","IL","1770720","=""1770720""","31.20"
"Southern View","IL","1770759","=""1770759""","17.30"
"South Holland","IL","1770850","=""1770850""","35.00"
"South Jacksonville","IL","1770889","=""1770889""","19.40"
"South Pekin","IL","1771175","=""1771175""","22.60"
"South Roxana","IL","1771240","=""1771240""","21.40"
"South Wilmington","IL","1771370","=""1771370""","N/A"
"Sparland","IL","1771422","=""1771422""","N/A"
"Sparta","IL","1771448","=""1771448""","21.70"
"Spaulding","IL","1771474","=""1771474""","N/A"
"Spillertown","IL","1771526","=""1771526""","N/A"
"Spring Bay","IL","1771604","=""1771604""","N/A"
"Springerton","IL","1771643","=""1771643""","N/A"
"Springfield","IL","1772000","=""1772000""","N/A"
"Spring Grove","IL","1772052","=""1772052""","37.10"
"Spring Valley","IL","1772156","=""1772156""","18.10"
"Standard","IL","1772221","=""1772221""","N/A"
"Standard City","IL","1772234","=""1772234""","N/A"
"Stanford","IL","1772260","=""1772260""","N/A"
"Staunton","IL","1772403","=""1772403""","32.00"
"Steeleville","IL","1772468","=""1772468""","21.80"
"Steger","IL","1772520","=""1772520""","28.50"
"Sterling","IL","1772546","=""1772546""","16.40"
"Steward","IL","1772624","=""1772624""","N/A"
"Stewardson","IL","1772650","=""1772650""","N/A"
"Stickney","IL","1772676","=""1772676""","30.50"
"Stillman Valley","IL","1772702","=""1772702""","N/A"
"Stockton","IL","1772780","=""1772780""","19.70"
"Stonefort","IL","1772884","=""1772884""","N/A"
"Stone Park","IL","1772923","=""1772923""","26.80"
"Stonington","IL","1772949","=""1772949""","N/A"
"Stoy","IL","1773027","=""1773027""","N/A"
"Strasburg","IL","1773040","=""1773040""","N/A"
"Strawn","IL","1773131","=""1773131""","N/A"
"Streamwood","IL","1773157","=""1773157""","31.70"
"Streator","IL","1773170","=""1773170""","20.30"
"Stronghurst","IL","1773261","=""1773261""","N/A"
"Sublette","IL","1773287","=""1773287""","N/A"
"Sugar Grove","IL","1773391","=""1773391""","30.70"
"Sullivan","IL","1773495","=""1773495""","19.10"
"Summerfield","IL","1773547","=""1773547""","N/A"
"Summit","IL","1773638","=""1773638""","27.50"
"Sumner","IL","1773703","=""1773703""","22.60"
"Sun River Terrace","IL","1773943","=""1773943""","N/A"
"Swansea","IL","1774119","=""1774119""","25.10"
"Sycamore","IL","1774223","=""1774223""","25.00"
"Symerton","IL","1774275","=""1774275""","N/A"
"Table Grove","IL","1774301","=""1774301""","N/A"
"Tallula","IL","1774379","=""1774379""","N/A"
"Tamaroa","IL","1774444","=""1774444""","N/A"
"Tamms","IL","1774457","=""1774457""","N/A"
"Tampico","IL","1774470","=""1774470""","N/A"
"Taylor Springs","IL","1774561","=""1774561""","N/A"
"Taylorville","IL","1774574","=""1774574""","22.20"
"Tennessee","IL","1774665","=""1774665""","N/A"
"Teutopolis","IL","1774743","=""1774743""","15.30"
"Thawville","IL","1774847","=""1774847""","N/A"
"Thayer","IL","1774860","=""1774860""","N/A"
"Thebes","IL","1774873","=""1774873""","N/A"
"The Galena Territory","IL","1774970","=""1774970""","30.00"
"Third Lake","IL","1775081","=""1775081""","34.40"
"Thomasboro","IL","1775107","=""1775107""","21.30"
"Thompsonville","IL","1775159","=""1775159""","N/A"
"Thomson","IL","1775172","=""1775172""","N/A"
"Thornton","IL","1775185","=""1775185""","24.90"
"Tilden","IL","1775263","=""1775263""","N/A"
"Tilton","IL","1775276","=""1775276""","17.40"
"Timberlane","IL","1775360","=""1775360""","32.70"
"Time","IL","1775419","=""1775419""","N/A"
"Tinley Park","IL","1775484","=""1775484""","N/A"
"Tiskilwa","IL","1775549","=""1775549""","N/A"
"Toledo","IL","1775601","=""1775601""","19.90"
"Tolono","IL","1775614","=""1775614""","20.70"
"Toluca","IL","1775653","=""1775653""","27.30"
"Tonica","IL","1775718","=""1775718""","N/A"
"Topeka","IL","1775757","=""1775757""","N/A"
"Toulon","IL","1775783","=""1775783""","23.80"
"Tovey","IL","1775809","=""1775809""","N/A"
"Towanda","IL","1775822","=""1775822""","N/A"
"Tower Hill","IL","1775848","=""1775848""","N/A"
"Tower Lakes","IL","1775874","=""1775874""","44.00"
"Tremont","IL","1775965","=""1775965""","20.70"
"Trenton","IL","1775991","=""1775991""","25.10"
"Trout Valley","IL","1776160","=""1776160""","N/A"
"Troy","IL","1776199","=""1776199""","24.70"
"Troy Grove","IL","1776225","=""1776225""","N/A"
"Tuscola","IL","1776407","=""1776407""","20.10"
"Twin Grove","IL","1776511","=""1776511""","21.50"
"Ullin","IL","1776615","=""1776615""","N/A"
"Union","IL","1776706","=""1776706""","N/A"
"Union Hill","IL","1776771","=""1776771""","N/A"
"University Park","IL","1776935","=""1776935""","40.30"
"Urbana","IL","1777005","=""1777005""","15.40"
"Ursa","IL","1777044","=""1777044""","N/A"
"Valier","IL","1777148","=""1777148""","N/A"
"Valley City","IL","1777187","=""1777187""","N/A"
"Valmeyer","IL","1777265","=""1777265""","33.80"
"Vandalia","IL","1777317","=""1777317""","16.60"
"Varna","IL","1777395","=""1777395""","N/A"
"Venedy","IL","1777408","=""1777408""","N/A"
"Venetian Village","IL","1777460","=""1777460""","N/A"
"Venice","IL","1777473","=""1777473""","25.40"
"Vergennes","IL","1777525","=""1777525""","N/A"
"Vermilion","IL","1777551","=""1777551""","N/A"
"Vermont","IL","1777642","=""1777642""","N/A"
"Vernon","IL","1777681","=""1777681""","N/A"
"Vernon Hills","IL","1777694","=""1777694""","28.20"
"Verona","IL","1777707","=""1777707""","N/A"
"Versailles","IL","1777720","=""1777720""","N/A"
"Victoria","IL","1777811","=""1777811""","N/A"
"Vienna","IL","1777863","=""1777863""","23.10"
"Villa Grove","IL","1777941","=""1777941""","27.70"
"Villa Park","IL","1777993","=""1777993""","26.90"
"Viola","IL","1778123","=""1778123""","N/A"
"Virden","IL","1778149","=""1778149""","27.00"
"Virgil","IL","1778175","=""1778175""","N/A"
"Virginia","IL","1778201","=""1778201""","22.50"
"Volo","IL","1778227","=""1778227""","36.00"
"Wadsworth","IL","1778370","=""1778370""","29.60"
"Waggoner","IL","1778383","=""1778383""","N/A"
"Walnut","IL","1778526","=""1778526""","23.30"
"Walnut Hill","IL","1778604","=""1778604""","N/A"
"Walshville","IL","1778656","=""1778656""","N/A"
"Waltonville","IL","1778708","=""1778708""","N/A"
"Wamac","IL","1778721","=""1778721""","19.30"
"Wapella","IL","1778773","=""1778773""","N/A"
"Warren","IL","1778851","=""1778851""","30.10"
"Warrensburg","IL","1778916","=""1778916""","20.50"
"Warrenville","IL","1778929","=""1778929""","27.10"
"Warsaw","IL","1778942","=""1778942""","22.40"
"Washburn","IL","1779007","=""1779007""","35.40"
"Washington","IL","1779033","=""1779033""","20.20"
"Washington Park","IL","1779085","=""1779085""","23.30"
"Wataga","IL","1779124","=""1779124""","N/A"
"Waterloo","IL","1779150","=""1779150""","29.70"
"Waterman","IL","1779163","=""1779163""","33.30"
"Watseka","IL","1779228","=""1779228""","19.70"
"Watson","IL","1779241","=""1779241""","N/A"
"Wauconda","IL","1779267","=""1779267""","31.60"
"Waukegan","IL","1779293","=""1779293""","N/A"
"Waverly","IL","1779358","=""1779358""","33.20"
"Wayne","IL","1779397","=""1779397""","N/A"
"Wayne City","IL","1779436","=""1779436""","N/A"
"Waynesville","IL","1779449","=""1779449""","N/A"
"Weldon","IL","1779683","=""1779683""","N/A"
"Wellington","IL","1779735","=""1779735""","N/A"
"Wenona","IL","1779813","=""1779813""","22.20"
"Wenonah","IL","1779826","=""1779826""","N/A"
"West Brooklyn","IL","1780008","=""1780008""","N/A"
"Westchester","IL","1780047","=""1780047""","29.60"
"West Chicago","IL","1780060","=""1780060""","24.10"
"West City","IL","1780073","=""1780073""","N/A"
"West Dundee","IL","1780125","=""1780125""","29.60"
"Western Springs","IL","1780242","=""1780242""","31.90"
"Westervelt","IL","1780255","=""1780255""","N/A"
"Westfield","IL","1780281","=""1780281""","N/A"
"West Frankfort","IL","1780333","=""1780333""","23.30"
"Westmont","IL","1780645","=""1780645""","28.50"
"West Peoria","IL","1780736","=""1780736""","18.90"
"West Point","IL","1780762","=""1780762""","N/A"
"West Salem","IL","1780853","=""1780853""","N/A"
"West Union","IL","1780879","=""1780879""","N/A"
"Westville","IL","1780931","=""1780931""","17.80"
"West York","IL","1780957","=""1780957""","N/A"
"Wheaton","IL","1781048","=""1781048""","N/A"
"Wheeler","IL","1781074","=""1781074""","N/A"
"Wheeling","IL","1781087","=""1781087""","25.20"
"Whiteash","IL","1781165","=""1781165""","N/A"
"White City","IL","1781191","=""1781191""","N/A"
"White Hall","IL","1781256","=""1781256""","24.40"
"White Heath","IL","1781295","=""1781295""","N/A"
"Williamsfield","IL","1781802","=""1781802""","N/A"
"Williamson","IL","1781815","=""1781815""","N/A"
"Williamsville","IL","1781854","=""1781854""","22.30"
"Willisville","IL","1781867","=""1781867""","N/A"
"Willowbrook","IL","1781919","=""1781919""","26.90"
"Willowbrook","IL","1781938","=""1781938""","N/A"
"Willow Hill","IL","1782010","=""1782010""","N/A"
"Willow Springs","IL","1782049","=""1782049""","38.20"
"Wilmette","IL","1782075","=""1782075""","33.80"
"Wilmington","IL","1782088","=""1782088""","29.40"
"Wilmington","IL","1782101","=""1782101""","N/A"
"Wilsonville","IL","1782218","=""1782218""","N/A"
"Winchester","IL","1782270","=""1782270""","22.70"
"Windsor","IL","1782309","=""1782309""","N/A"
"Windsor","IL","1782322","=""1782322""","28.10"
"Winfield","IL","1782400","=""1782400""","29.60"
"Winnebago","IL","1782491","=""1782491""","24.10"
"Winnetka","IL","1782530","=""1782530""","35.20"
"Winslow","IL","1782543","=""1782543""","N/A"
"Winthrop Harbor","IL","1782686","=""1782686""","28.40"
"Witt","IL","1782725","=""1782725""","N/A"
"Wonder Lake","IL","1782855","=""1782855""","38.90"
"Wood Dale","IL","1782985","=""1782985""","27.00"
"Woodhull","IL","1783063","=""1783063""","N/A"
"Woodland","IL","1783102","=""1783102""","N/A"
"Woodlawn","IL","1783206","=""1783206""","N/A"
"Woodridge","IL","1783245","=""1783245""","30.90"
"Wood River","IL","1783271","=""1783271""","22.10"
"Woodson","IL","1783336","=""1783336""","N/A"
"Woodstock","IL","1783349","=""1783349""","29.80"
"Worden","IL","1783505","=""1783505""","29.00"
"Worth","IL","1783518","=""1783518""","32.40"
"Wyanet","IL","1783622","=""1783622""","N/A"
"Wyoming","IL","1783687","=""1783687""","24.60"
"Xenia","IL","1783739","=""1783739""","N/A"
"Yale","IL","1783765","=""1783765""","N/A"
"Yates City","IL","1783817","=""1783817""","N/A"
"Yorkville","IL","1784038","=""1784038""","31.60"
"Zeigler","IL","1784155","=""1784155""","25.60"
"Zion","IL","1784220","=""1784220""","29.20"

"Location: United States"

"City Boundary Year: 2010"

"Indicator source: IHDA"
"http://www.policymap.com/our-data-directory.html#https://www.ihda.org/developers/market-research/opportunity-areas/"

"When using PolicyMap data in your work, please consult the Terms of Use and the instructions for Citing Us:"
"https://www.policymap.com/terms/"
"https://www.policymap.com/citing/"